Business,Category,Address,Phone,Email,Rating,Reviews,Has Website,Score,Website,Description,Services,Price Level,Business Status,Opening Hours
"Tavistock Bow | West End Property Specialists covering Covent Garden, Soho, Bloomsbury, Midtown & South Bank","Real Estate Agency","21 New Row, London, WC2N 4LE, United Kingdom","+442074772177","","4.9","0","Yes","6","","","","","",""
"TYRON ASH INTERNATIONAL REAL ESTATE","Real Estate Agency","Berkeley Square House, Berkeley Square, London W1J 6BE, UK","0333 305 0656","","4.6","396","Yes","10","","","","","",""
"Laurels Property Partners","Real Estate Agency","6 Flitcroft St, London WC2H 8DJ, UK","020 8191 9595","","4.9","320","Yes","10","","","","","",""
"Barnard Marcus Estate Agents Covent Garden","Real Estate Agency","53 Endell St, London WC2H 9AJ, UK","020 7836 8427","","4.7","190","Yes","9","","","","","",""
"Unique Property Company","Real Estate Agency","54 Poland St, London W1F 7NJ, UK","(917) 735-7178","","4.9","131","Yes","9","","","","","",""
"Regent Property","Real Estate Agency","Broadwall House, 21 Broadwall, London SE1 9PL, UK","020 8743 9101","","4.2","913","Yes","10","","","","","",""
"Story of Home","Real Estate Agency","175 Wardour St, London W1F 8WU, UK","020 7867 3999","","5.0","99","Yes","9","","","","","",""
"Dolce Vita | Luxury Real Estate","Real Estate Agency","Berkeley Square House, Berkeley Square, London W1J 6BD, UK","020 8870 5665","","4.8","86","Yes","9","","","","","",""
"Essential Living","Real Estate Agency","33 Cavendish Square, London W1G 0PW, UK","","","4.7","36","Yes","8","","","","","",""
"Homes for sale in London England. | Walsh Team Realty","Real Estate Agency","The George, 16 Great Queen St, London WC2B 5DG, UK","07480 039752","","3.8","5","Yes","7","","","","","",""
"Welcome Home","Real Estate Agency","146 Strand, London WC2R 1JD, UK","020 7164 6021","","5.0","100","Yes","9","","","","","",""